Date,AAPL,META,TSLA
2018-02-01,0.014797687301497019,-0.00033228624078404043,0.0053417385157467885
2018-02-02,-0.0009871864396063404,0.012487347889404192,0.02096373514197054
2018-02-05,0.01354291540782964,-0.0001311520942402791,-0.029548587227313815
2018-02-06,-0.010766581895593152,0.017918160905506412,-0.008701887629998717
2018-02-07,-0.006529802461661445,-0.019816923323355655,-0.013350764939619892
2018-02-08,-0.006608010640161592,0.0024155410938906385,-0.0058876352502415475
2018-02-09,-0.017959557179772618,-0.008917919342138292,-0.010223667977576241
2018-02-12,0.008729378121926964,-0.012943430584315152,0.017154323950498044
2018-02-13,-0.011549161060271842,-0.010070944669991453,0.027065347565732378
2018-02-14,0.003160138129596374,0.0053303197170420525,-0.011381727645463588
2018-02-15,-0.027939566939774382,0.009013772632731853,-0.00919194136725397
2018-02-16,-0.008616314828161893,0.009314362058790208,0.027163170923585847
2018-02-20,-0.01171594216482632,0.004901838082170461,-0.014909219088501412
2018-02-21,-0.0004243519062637522,0.0031735343497098774,0.0011163486547760614
2018-02-22,0.011583455613368496,0.006558161169111752,0.021095374812923805
2018-02-23,-0.020009621807144704,-0.0056059130907186025,0.011409772578327888
2018-02-26,0.010065175388512222,0.004633592570343702,-0.004073645325332078
2018-02-27,0.004976918732142574,0.016169569591954393,-0.0014490877373500438
2018-02-28,0.014230181204142062,-0.008209282971392172,0.026430576809504495
2018-03-01,-0.005120243519467854,0.02237969081412275,0.005108290638003868
2018-03-02,0.0010872160680709493,0.008230717358652611,-0.006539000488726283
2018-03-05,-0.001455894816800093,0.0029793665152995064,-0.008079318052334257
2018-03-06,0.01223159527208621,0.003867794022788144,0.02028289935029957
2018-03-07,0.022022570447362937,0.0012851983916740437,-0.009400494796061233
2018-03-08,0.007042859719415911,-0.04407895385614207,-0.005652372332952697
2018-03-09,-0.007379256158127719,-0.01891056274271558,0.011370471145683436
2018-03-12,0.01302992571753453,0.026617422565149873,-0.006679951030749384
2018-03-13,-0.03504918310346621,-0.00026423965441278323,0.009617133448751918
2018-03-14,0.0008640334398320742,0.014153667146216686,0.023616816681995424
2018-03-15,0.007025370021580949,-0.007330133188582852,0.005826249841003207
2018-03-16,0.025594506372524667,-0.0233654773923893,0.020985657256714026
2018-03-19,-0.0025898635122485495,0.016972771268034297,-0.001051528206704952
2018-03-20,-0.01368215868417295,-0.002923407938707468,0.003446587563721553
2018-03-21,0.0024666685374438,0.00329119838521615,0.019558876972193075
2018-03-22,-0.0022624520731333777,-0.007015513213654085,-0.02098589539283373
2018-03-23,-0.0043476716014153125,-0.007947202086802975,0.004930277813527834
2018-03-26,0.004747020145869376,-0.006872224797507733,-0.004091738788972854
2018-03-27,0.055773803965381966,4.676785004049739e-05,-0.004929192820678679
2018-03-28,0.00553141270052738,-0.015008013291778668,0.014617826229408073
2018-03-29,0.009772679319277647,0.018807742671203234,0.013236296534667963
2018-04-02,-0.00423689354386858,-0.007660027138165885,0.022810687433433518
2018-04-03,0.029298519014629987,0.005123676560582832,-0.018557280570017164
2018-04-04,0.0072728498055084365,-0.017554234206912232,-0.00374970967344675
2018-04-05,0.00966037619525122,0.0010066766573049593,-0.015122302457982956
2018-04-06,0.005872594376859264,-0.0308218863845471,-0.004878868739278229
2018-04-09,0.004627381614985207,-0.0007779349688760637,-0.0019179426862157858
2018-04-10,-0.0040718305630612316,0.0036440811260476783,-0.06524390984656053
2018-04-11,0.013562106364532122,0.002933752032232233,0.007218462759828233
2018-04-12,0.006802132011699044,-0.0028869877439939707,0.00530941526384409
2018-04-13,0.000995155213521762,0.02387928829153177,-0.00023923517779235126
2018-04-16,0.006647205337514735,-0.007855378734731537,0.010186430214987665
2018-04-17,-0.011804829859938377,0.0008114627526636484,0.005338394155889635
2018-04-18,0.011462668432105727,0.00546385185193902,-0.013920691095415494
2018-04-19,0.025658608407260836,-0.0020785811149334646,0.019473105582342207
2018-04-20,-0.023469891446902404,-0.05804815252076641,0.02756705258206011
2018-04-23,-0.0019504370155553738,-0.0007865253531683634,0.03179099181879393
2018-04-24,0.030261194779540444,0.009197441652422618,0.02878490466045088
2018-04-25,0.018002656653230933,0.005103508478034697,-0.018896253067393502
2018-04-26,0.015520573176368964,-0.013270960344573786,0.007089388837873545
2018-04-27,0.0013418007390097065,0.0134128807822161,-0.02618421728657009
2018-04-30,-0.007616728407846789,-0.002484678630688289,-0.011866249831115474
2018-05-01,0.031880340124536555,-0.013006941924707081,0.011096939756288324
2018-05-02,-0.0033673112942313116,-0.01728687479222417,0.024874608995808692
2018-05-03,0.023022357924687605,-0.0017908859455280346,0.02226727379282792
2018-05-04,0.004842530319578156,-0.009772476763505953,0.0065428363297580835
2018-05-07,-0.008901108256462639,0.021807795407603237,0.016045602196759733
2018-05-08,0.0053445442628145354,-0.004789092221592872,0.035857173514540056
2018-05-09,0.015353503564532335,0.0012231536148053345,0.007101434715824276
2018-05-10,-0.0027666176433200234,0.002646990559117875,-0.016696643814480116
2018-05-11,0.015781787622929585,0.0010528201808021052,0.033428293281413696
2018-05-14,0.011695368240440849,-0.014735250908593945,-0.01577450692363809
2018-05-15,-0.0005930487630515786,-0.017588751922130007,0.025619634896038072
2018-05-16,0.005230389145964361,0.0022537930013915176,0.0010921496806210098
2018-05-17,0.0037017310750298645,-0.02947382403242043,0.008154194605834924
2018-05-18,-0.003787919786968562,-0.01944526743835848,0.037437786689462814
2018-05-21,0.0024682336741907456,0.02390944790921315,-0.009712075930040913
2018-05-22,0.0026795023999446298,-0.023114597868532042,0.01493511066526184
2018-05-23,-0.0002458784807973498,0.019489070406138734,0.0029609417766150383
2018-05-24,-0.019754168337819435,-0.012472729434057462,-0.05938362522783049
2018-05-25,-0.0013324630230575705,-0.0011465987064809887,-0.005200861984958548
2018-05-29,-0.008026394974631148,-0.04588279382870463,-0.020076996823585488
2018-05-30,-0.0345838709572582,-0.00033913216834823256,-0.04511363363475449
2018-05-31,-0.0073052674249600505,0.0002504951965374268,0.07156790990600484
2018-06-01,0.00253103016122214,0.008718212632833108,0.03128664965722191
2018-06-04,-0.019893425035871472,-0.016475763852633503,0.010808404931280087
2018-06-05,0.027955827413562374,-0.005055033079608081,0.02201398746889173
2018-06-06,-0.010200902611420789,-0.01830635329951233,0.010237407439534411
2018-06-07,-0.012723524926375738,-0.013688141296674651,-0.022694824256624394
2018-06-08,0.0023884451047948272,-0.031233934422766216,-0.0007831654114382605
2018-06-11,-0.007513789004050631,0.023392832616618748,0.01950224297185035
2018-06-12,0.02241481800316485,0.02296009991248744,0.02418042578838805
2018-06-13,-0.0028107678666551335,-0.03910491039850249,0.012052583823750249
2018-06-14,0.001973845608581872,0.011937253203736614,0.02025263841008349
2018-06-15,0.004209220939046544,0.011638047837498914,0.00859875933116514
2018-06-18,0.0002044089182040077,0.005824570086593221,-0.009115757921592105
2018-06-19,-0.05984589881024911,0.012764481986652376,-0.03382964237549738
2018-06-20,-0.0013181742527556492,0.0034109438912413802,0.017186815946558277
2018-06-21,0.020453640921196538,-0.032448357382253296,-0.0006886302642927668
2018-06-22,0.01581738338986087,-0.04432477009607953,0.0027931933217323597
2018-06-25,0.004476623671237639,-0.0006888335580608787,-0.0185570688359498
2018-06-26,0.010246032753497565,0.0035942915229565837,-0.012474314933056013
2018-06-27,-0.0119113303364493,-0.022240660329990943,0.00514178113201796
2018-06-28,0.003910066069298012,0.00125678397337294,-0.040348991848217504
2018-06-29,-0.0021822247922928884,-0.0030966919964405992,0.016146307522400698
2018-07-02,-0.011853425011348357,-0.002890544247288413,0.010512816759299106
2018-07-03,0.0010315024146786203,-0.0005835752669980589,0.029213557990119567
2018-07-05,0.0004769088417254915,0.007307472722364642,-0.017248425816599168
2018-07-06,-0.01136326597791933,0.0033100375358420028,-0.008811266535059543
2018-07-09,-0.007399343815392791,0.003053830874051936,-0.0012098631553591722
2018-07-10,0.004954455969541682,0.004711081313020315,-0.005009186459543864
2018-07-11,-0.0020144817261801037,-0.0012387079998822234,0.019121890791493467
2018-07-12,0.005739724968840254,0.006453519431869824,-0.00923598682199805
2018-07-13,0.0074804081787731335,0.01481134164033149,0.004808201250462875
2018-07-16,-0.021256601490361175,0.04375808124156436,-0.008380638135667912
2018-07-17,0.00889025295496378,0.005435820510003731,0.02659776902647498
2018-07-18,-0.0005127032324400778,-0.004202643565854524,0.012396658955185188
2018-07-19,-0.018242529828598277,0.012076718733782316,0.009590030170706743
2018-07-20,-0.011846769585209362,-0.015368270313267565,-0.02843247675498843
2018-07-23,0.0013040043803865958,-0.000554312678517195,0.00586726847534853
2018-07-24,0.012118690899019973,-0.009059548743272205,-0.013649184583217962
2018-07-25,-0.012944614279433773,0.0056613306039333434,-0.000351003160294345
2018-07-26,0.00029279613318511746,-0.008155615698022972,-0.027405350182934295
2018-07-27,-0.0031678118876026294,0.005392893325439712,-0.013816199186737965
2018-07-30,0.00022793946073790096,0.008034357787605313,-0.007515263524694445
2018-07-31,-0.0008316976906016623,0.010031562331384273,-0.013321460093185218
2018-08-01,0.006916936028558066,-0.013586588596495584,-0.02314432882071122
2018-08-02,-0.0016522753397679385,-0.0005749106803115335,-0.024578225260781076
2018-08-03,0.00197350881798441,-0.011397460011533946,0.021713385156829464
2018-08-06,-0.004154555891204225,-0.0061129482252470935,0.004726689336680296
2018-08-07,0.013909000023408611,-0.005126725357226403,0.023753766501592423
2018-08-08,-0.0048446247752899855,-0.009850825791050571,-0.0013671850906398911
2018-08-09,0.014468546119148157,0.04741516233166437,0.0167991396616244
2018-08-10,-0.0005981975180992406,0.007452392712375281,0.014303273687846752
2018-08-13,-0.0019450724759199004,0.005024467150004609,-0.006031473506840257
2018-08-14,-0.022927326442547965,0.00028159080832675337,0.020757215494589212
2018-08-15,0.003857374191112797,-0.018115108134917624,-0.033320434215188224
2018-08-16,0.004915454099925547,0.007959583281008117,0.04542829138490121
2018-08-17,-0.005980059641196633,0.007836915476655817,-0.007802959788235798
2018-08-20,0.014578644270287955,0.010695496998148894,0.016054480321345467
2018-08-21,0.00022667968002188917,-0.0015202659138629903,-0.02368008394467523
2018-08-22,0.010697957409485613,0.014801495585273095,-0.03673265088508251
2018-08-23,0.009006045211718714,-0.044542509355861674,-0.03230748333056999
2018-08-24,-0.013195329669433854,0.005585161226463175,-0.02235679974171432
2018-08-27,-0.029165022489622675,0.009811636966508335,0.010097159745691175
2018-08-28,0.008088712866844228,0.0005044703265645465,0.017531641956162223
2018-08-29,-0.025134414150160215,0.013461494199440727,-0.0026493804913325864
2018-08-30,0.0246714274420849,-0.004453539510393915,0.0019560461599099884
2018-08-31,-0.021493591382603202,0.001507630331594258,-0.006673605843823122
2018-09-04,-0.011129737545130563,-0.018730481642116933,0.006520798780553465
2018-09-05,0.005546715686628923,-0.002088543862442514,0.022969049508610975
2018-09-06,-0.0015163522573535834,-0.02587580956502535,-0.02149863863510673
2018-09-07,0.002120319493847548,0.009872768676610806,-0.01816983581891317
2018-09-10,0.01090848383330376,-0.0001684203461474491,-0.0016814938384374554
2018-09-11,0.006926186718747523,-0.0019155675318176968,0.026037582507084878
2018-09-12,0.007976591177257368,0.012409637365741976,-0.02939531087312797
2018-09-13,0.009171434309840827,0.010547724089427859,-0.00224432337363164
2018-09-14,0.001798914215006348,0.0052134993321752065,0.013801698011837749
2018-09-17,-0.0015792347094126789,0.025056442106436438,-0.017551169543286525
2018-09-18,0.006861066409478224,0.005267012445197604,-0.06890391515402422
2018-09-19,0.0006438485442240391,-0.012863996790308333,-0.03069448054368892
2018-09-20,0.015324068918643536,-0.014889500998456344,-0.015592182988239743
2018-09-21,-0.004759209271170184,0.002460871184639505,0.007978544696471322
2018-09-24,-0.01744899463001546,-0.01792289765741718,-0.003281261710557914
2018-09-25,-0.02414481673038917,-0.018346831730130672,0.011782858108863363
2018-09-26,-0.03274023568498217,-0.0018911322209136025,0.004578867122032063
2018-09-27,-0.01935705450080107,-0.009704397592890211,-0.004588904923610592
2018-09-28,-0.000703464473690761,-0.003712579260117071,0.004926366669638715
2018-10-01,0.007734827984108822,0.005421803469473664,0.009690887674743336
2018-10-02,-0.008985518072707225,0.016279538259998626,-0.0030529992783473996
2018-10-03,0.020271282553582924,0.01049096197010992,0.059978195423874
2018-10-04,-0.003277517918979573,0.0031391291914499176,0.04333556410447605
2018-10-05,-0.0022384885006444416,0.0005318457970048388,-0.15811458972939055
2018-10-08,-0.0002651718177411596,-0.003953042702715908,0.0018986926309472682
2018-10-09,-0.0037877251912343773,-0.007146955745780539,0.00815811428002561
2018-10-10,0.0001393044563572223,0.0038519714602834663,-0.03579033948448357
2018-10-11,-0.0031320846625568204,-0.01123501096176606,-0.06357607002883678
2018-10-12,0.004000698916767727,-0.01616503212552902,-0.022112864307498828
2018-10-15,-0.018794072631103293,0.006583592864917617,0.04054498737239373
2018-10-16,0.004856209704161928,9.898434186470543e-05,0.01056959348067924
2018-10-17,0.01833006410034459,0.0164971902933559,0.006449304301964625
2018-10-18,-0.001836223786850654,0.027598175768635828,0.004811529216944407
2018-10-19,0.006876428355955818,0.003893676927439838,-0.021339663930648994
2018-10-22,-0.003875656471357817,0.0024839161598881896,-0.0010769586689069062
2018-10-23,-0.0016219719712759614,-0.008556170440467829,0.01651542957190326
2018-10-24,0.010175061508017629,0.005691751192123673,0.006713354745529115
2018-10-25,-0.04259105632234034,-0.03980439282761127,0.013244233079641267
2018-10-26,0.0009527680426126952,0.011932144563629433,-0.007763175198367366
2018-10-29,-0.004389824396251013,0.00029234995033931095,-0.007913119918911707
2018-10-30,-0.0033943412553700788,0.0008936113706312135,-0.0043344559965475815
2018-10-31,-0.0009326856022564225,-0.019016861207724604,-0.011061312371575104
2018-11-01,-0.008478117297935793,0.01633239876935775,-0.0008471626877057276
2018-11-02,-0.0010543809832774661,-0.007887546898579857,-0.012329750774530603
2018-11-05,-0.00253678306192903,0.02009187057878142,0.008512008829012352
2018-11-06,0.012923731603784057,-0.01955449904110554,0.02259133263811901
2018-11-07,0.010657450585119875,0.0009922155395222336,-0.09320585783206382
2018-11-08,-0.0024670390323298648,-0.00350986404926474,-0.023728919963483048
2018-11-09,-0.003993050296050767,0.003150436409229851,0.01738449211345007
2018-11-12,0.012248310779732598,0.0022421639123831162,0.012504384527904195
2018-11-13,-0.001339365481431953,0.019710625704805494,0.012895396762106392
2018-11-14,0.004711073764813995,0.016130239071282908,-0.040955561352144884
2018-11-15,-0.0016300541549053838,-0.01074878723984629,0.01168063492984297
2018-11-16,-0.0036384134000454287,-0.008306940029291937,-0.0036588884899024523
2018-11-19,4.6270860958836114e-05,-0.0017899480918735203,-0.009669380589130468
2018-11-20,0.006570804259590942,-0.0025394651620324043,-0.007368369939762681
2018-11-21,0.002711594497050972,-0.005460025254964763,0.006737240590941012
2018-11-23,-0.004946259700791709,-0.0006361104986717578,-0.009505694281844885
2018-11-26,-0.0023617607396678375,0.00675996390743776,0.008288952378130326
2018-11-27,0.009067075676272685,-0.009610793924731112,0.016506165429213623
2018-11-28,0.0001422106079256453,0.010196967200483888,-0.001740888128402581
2018-11-29,-0.001174441152594344,0.01883544869958762,-0.014567025516402694
2018-11-30,-0.0110544455806508,0.019242717363771054,0.0017631822257690554
2018-12-03,-0.0031551517758611697,-0.004103153083922106,-0.002607391620562667
2018-12-04,-0.008046738381209067,-0.0008019727534662086,-0.013797042072428932
2018-12-06,-0.01794431222541012,-0.013363902309874911,0.014419524720695348
2018-12-07,0.0012625177778611703,-0.010039582675805615,0.009035082720653339
2018-12-10,3.356798518391138e-05,0.0116351614534706,-0.005379422254706718
2018-12-11,-0.002014531128722201,-0.0031089090370774327,0.00027486856318257647
2018-12-12,0.02072528897963509,-0.0038170702324705967,0.030569957536139857
2018-12-13,0.019369542189631207,-0.007358554384110316,0.03826038611661706
2018-12-14,0.0008970925356629221,0.016556231425631417,0.009274144960514237
2018-12-17,0.013462556051342067,-0.0022942379254747543,0.0009019114578631327
2018-12-18,-0.024025884930815714,0.0041894022413831,0.007700732269562769
2018-12-19,0.009048777491830994,-0.008750636248774235,0.026834577184408605
2018-12-20,-0.004492104956866474,0.0070677135788598635,0.005494333627685631
2018-12-21,-0.017191176111959628,-0.005835368898932761,-0.005771250108059492
2018-12-24,-0.0012516823996663216,0.019414705331614407,-0.016486043692098135
2018-12-26,-0.004000968838899131,0.0035958183516834543,0.006700587813268554
2018-12-27,0.008251829025364605,0.015351285762180778,0.0029549186815940637
2018-12-28,0.0028669507277274213,0.009333791568688196,-0.0033416335193673192
2018-12-31,0.002402316430747553,-0.01730533370891442,-0.039687115658077726
2019-01-02,-0.008011716828493219,0.0019596467512245546,0.00831224889708435
2019-01-03,-0.0020160644275307297,0.033915472547440914,0.005673576339637311
2019-01-04,0.009850445753696677,0.011524713146164368,0.0737539120328267
2019-01-07,0.008859639010915797,-0.007544359438798215,0.002787702935334747
2019-01-08,0.008482922512244482,0.008569872496392572,-0.05364382461327015
2019-01-09,-0.020029404851111075,0.0032612403537134096,8.372909794459621e-05
2019-01-10,0.02802895362811486,-0.006266272272288506,0.00011832624461142426
2019-01-11,-0.005682080573460957,-0.010070115801360094,0.01142834942103689
2019-01-14,-0.0011781400335361871,0.003499132528468925,-0.025726382788179382
2019-01-15,-0.0011475518410973102,0.003067117770585834,-0.002060238837603477
2019-01-16,-0.000876616622325706,0.002791785076497349,-0.0021745912611655163
2019-01-17,0.0009524111902398924,-0.003970066208498918,-0.014844734068883486
2019-01-18,0.016908877894777675,-0.003630366876986711,0.026316948792807104
2019-01-22,0.004725435676696978,-0.0070152100566622695,0.03267085981773863
2019-01-23,-0.0671603704023977,-0.013040186294275693,-0.010964312531185677
2019-01-24,-0.008874215897758444,-0.0015863450089558153,0.015650183591539427
2019-01-25,-0.011032232213782354,-0.0032633517574768046,-0.006502307145139946
2019-01-28,0.0073223168757205635,-0.008825221731017477,-0.0020192951447724154
2019-01-29,-0.0016602759140435864,0.008719592929223254,-0.002626050727612097
2019-01-30,0.01581385572183786,0.00971418223401869,0.029607078575458173
2019-01-31,0.0029083158941102345,0.003996739492569884,-0.01952382192199616
2019-02-01,0.005524502179314416,-0.0014685492759029014,0.023502807444755823
2019-02-04,0.016275199709371933,-0.02649709471974399,0.029805770065129727
2019-02-05,0.013718191683267626,0.0069581586354441885,-0.003282365565912876
2019-02-06,-0.015823648989706385,0.023316733055463213,0.03133436070661036
2019-02-07,-0.004144348902144327,-0.002487717802557277,0.0036155717513861496
2019-02-08,-0.005932665273509936,-0.015499979264584431,0.008560406503588419
2019-02-11,-0.005399097973357082,-0.024807219184697284,-0.005629877131641047
2019-02-12,-0.0036132623243430293,-0.019173457216262183,-0.012686291157034664
2019-02-13,-0.0004442942723692116,0.013842790950975927,0.011690827711801079
2019-02-14,0.00025547389186578157,-0.0004610828864216338,0.03199465229185417
2019-02-15,0.0010253252500287897,0.012104232767222356,-0.007005798913025048
2019-02-19,0.01108119725760203,-0.011814005703750873,-0.050077198099866334
2019-02-20,-0.008978912219352136,-0.010114760692687106,0.04095462249033556
2019-02-21,0.011417603920565528,-0.005400696749040983,-0.028673154155647303
2019-02-22,0.012961197422923265,0.006165607594484653,0.0034832683698854234
2019-02-25,0.007783682236071982,0.008018439767730508,0.013223001509590084
2019-02-26,0.005282366038737368,-0.010925738709936659,-0.0007033542420203799
2019-02-27,0.01808311822369804,-0.015500188024211664,-0.024881191952558383
2019-02-28,0.001659133882030666,-0.002065037754567389,-0.019485634798506377
2019-03-01,-0.004048214771378403,0.004276788758433094,0.009183658939467236
2019-03-04,0.019766420911414517,-0.011206741437172995,-0.0017064064758784095
2019-03-05,0.013715981234145764,0.008894320364088788,-0.008329802932841609
2019-03-06,-0.00046727124799125,0.010310991296459909,0.015124451892124807
2019-03-07,0.009342324709394823,0.02319618742425663,-0.013271730000942722
2019-03-08,-0.007025363842960618,-0.015332393332108533,-0.03001188627025789
2019-03-11,0.0008262888983584232,0.01460248222078391,-0.0008743904203169389
2019-03-12,-0.002142748737976095,0.006279680299685353,0.004410937190343684
2019-03-13,0.006180897360080321,0.015391251466173041,-0.002807814523952379
2019-03-14,-0.0008218918474190254,0.01700980047350883,0.022060767985119488
2019-03-15,0.01015374307741629,0.004209385446281197,-0.04655942293630026
2019-03-18,0.00101379773988675,-0.001801680629632461,0.008283623728916908
2019-03-19,-0.011301879426337218,0.02158325168479682,0.02008383069290729
2019-03-20,-0.00677168597446571,-0.012647031941054125,-0.008848786960726548
2019-03-21,0.007007605458396634,0.008579751273799514,-0.004040551324477117
2019-03-22,0.008996698867601462,0.004686045923212321,-0.022036950657690096
2019-03-25,-0.026981093294744116,0.006738928766333399,0.025611534724268754
2019-03-26,0.0030889685174590874,0.002418731606542355,0.0013696290210267125
2019-03-27,-0.04016284695956138,0.018734874671302346,0.00818078491578151
2019-03-28,-0.003242137642080668,0.024936122207748795,-0.015464260250324803
2019-03-29,0.005793740561279518,0.011982040849517315,-0.009641134326676544
2019-04-01,-0.004184076020597375,-0.0009187674339139846,0.013132410635931967
2019-04-02,-0.008611891103040567,0.008744491278964917,0.013804241208432856
2019-04-03,-0.011204852548945621,0.011735161642187499,0.012177116745044568
2019-04-04,0.0023398000474082713,0.0012343203256420046,0.0021890968126851
2019-04-05,0.005796747207598809,-0.0005836367718113094,0.005068451851675529
2019-04-08,-0.010033651285451079,-0.023065734108235866,0.01506274858069812
2019-04-09,0.01383599272885163,0.015510067452932564,-0.0018160996146096098
2019-04-10,-0.021701626035515363,-0.029303722679132598,0.020853132093632296
2019-04-11,0.008906896315552722,0.014476390695564067,0.012646611484022076
2019-04-12,-0.0073970296576987915,-0.0002092523116480028,-0.013794975681757025
2019-04-15,0.0005482067497270298,-0.011891362474034581,0.00043233364281621586
2019-04-16,0.006307252694717145,-0.0038144085140084045,-0.017363431420189146
2019-04-17,-0.00840422234352558,-0.00038150008755455644,0.005941936273013898
2019-04-18,0.0105424753288836,-0.0022872797069441024,-0.0016140560840641749
2019-04-22,0.00289053748426634,0.011946590115289167,-0.011971245663289633
2019-04-23,-0.0006269034851112836,0.0048626517832762554,-0.002331783339433998
2019-04-24,0.0018078380825012656,-0.003243699223334284,-0.0001969845990443135
2019-04-25,0.0082878577893989,0.003808029019638619,0.0183082811271547
2019-04-26,-0.0057697850995905055,-0.028302147504933074,0.024721244910615656
2019-04-29,0.014645386577260978,0.008295155989192863,-0.04967040607620239
2019-04-30,0.006818241467189747,0.013867986973823297,0.0030316435885183925
2019-05-01,-0.011609187853630234,-0.0014809612667299773,0.00863375751313628
2019-05-02,-8.35133114084315e-05,0.014591966534112523,-0.03526253646958779
2019-05-03,0.0025403292578905995,-0.004145423067299076,-0.011090996563117397
2019-05-06,0.00892800041478634,0.00233301736754869,-0.007021645191891649
2019-05-07,-0.009824290426641149,-0.005661836398901618,0.015950463210415856
2019-05-08,-0.0035868908022508974,-0.008378490498307058,-0.026363994957704848
2019-05-09,-0.0018526358610436908,-0.006860150037837488,-0.05589124606846085
2019-05-10,-0.011502122057986263,-0.05668524464955474,-2.1814397325283492e-05
2019-05-13,-0.007357218177402296,0.009683107721377305,-0.008213459527562141
2019-05-14,-0.03176701149105077,0.004508571575740194,0.028352313619526125
2019-05-15,0.012624921379328137,0.0008186573138968907,0.025777348860862692
2019-05-16,0.014539706128599096,0.004001817563460432,-0.0061092036065021026
2019-05-17,-0.0007368681466845268,-0.02536504556054991,0.014536286778416986
2019-05-20,0.00025793011791749095,-0.019950066791187798,-0.002318068498289958
2019-05-21,0.00791445826726375,0.002803291519321038,0.002882132373717081
2019-05-22,-0.011509654094850875,0.0006241984548948061,-0.008664897576881185
2019-05-23,0.0132559433722854,-0.059323688997585285,0.053906781468019895
2019-05-24,-0.001550274293727254,-0.0060003622302172545,-0.01934285275119653
2019-05-28,0.002110703031816923,0.01970453548178357,0.002831371369886178
2019-05-29,-0.0010150362522249109,-0.0038780735302257853,0.002688695597801301
2019-05-30,-0.014724353946746694,0.03649942697643466,-0.009619735892747276
2019-05-31,-0.029415729015491884,0.019697236569579623,0.011611404673543718
2019-06-03,-0.01601598015566012,-0.016186714799355947,0.010111096051622755
2019-06-04,0.011163876598693391,-0.0008596210788111516,0.08925928231754708
2019-06-05,0.0025926362534872305,0.04781649824138109,-0.033837289023674104
2019-06-06,0.0013075094286849954,0.005601926286514177,0.0189677950764712
2019-06-07,-0.0004090117982358052,0.00894280169267161,-0.08806581950420744
2019-06-10,-0.002031641182951167,0.009822153751335376,-0.023711544828675022
2019-06-11,0.011808770322637097,0.018709825592838222,0.03582848257980926
2019-06-12,-0.007044342846202166,0.0049195252197892,0.021533501031218143
2019-06-13,0.0024184639534605415,0.008536829382737178,-0.008260202396669816
2019-06-14,0.0034885864151484804,-0.0030469160502649183,0.019530756764996368
2019-06-17,0.005545617355491349,0.010040369424135685,0.03836169992137347
2019-06-18,-7.391910959942038e-05,-0.0032664564452359207,0.02952764961965266
2019-06-19,-0.008126316089431257,-0.004855656016509245,-0.00707186244142894
2019-06-20,0.02039587771274801,0.01617337589281553,0.016860364094698363
2019-06-21,-0.010841656467534379,0.012003719344189307,-0.07397462952224916
2019-06-24,-0.0008279640276520036,0.007825180856210357,0.041209710070256575
2019-06-25,0.028821605812779216,-0.039045983028216845,0.02791115890777713
2019-06-26,0.007338071454814583,0.008922789587474098,-0.04930601488044276
2019-06-27,-0.00021515791886955084,0.006198538338787244,0.006697709950794634
2019-06-28,-0.0003198053170458648,0.005799207116053884,0.0007477975727853399
2019-07-01,-0.007833969935516865,-0.00167917608490295,0.022082466864899706
2019-07-02,-0.003827277524777973,-0.019446596622673628,-0.01855089597298741
2019-07-03,-0.02009826973223856,0.03823600496180665,-0.010242435111869706
2019-07-05,0.0012268651013222639,-0.0058441253020099886,-0.01627558853774211
2019-07-08,-0.005004527778455236,-0.010948899647848896,-0.006001933888983505
2019-07-09,0.009668018364047478,0.0185256364893834,0.008863079164480332
2019-07-10,0.005173846010267979,-0.0030695287073188816,0.033094895301784166
2019-07-11,-0.009372223061754921,-0.15511118794467213,-0.019923826911818984
2019-07-12,-0.02375189321270435,-0.004857185025222793,0.009222673153535053
2019-07-15,0.013137550535526309,-0.0008958655855056359,-0.003110803444844327
2019-07-16,0.00033051569807825235,0.004218901161159776,-0.0038682747908798825
2019-07-17,0.005883109430452626,0.007439332196297852,-0.016046076874606782
2019-07-18,0.001293018779879967,-0.007765602860017269,-0.0006269011964355532
2019-07-19,0.01574741671856246,0.005242947745441087,0.0014603436495960087
2019-07-22,-0.006885324113772031,-0.0018692291526567991,0.05050479672868574
2019-07-23,-0.0007445707195674521,-0.04377803117465166,0.026283628349990536
2019-07-24,-0.012372027263262817,-0.03137519897082977,0.00036485269538490865
2019-07-25,0.01272995944840153,0.015015986391344398,-0.026073502739060898
2019-07-26,-0.0018490791056177882,0.004837237495387671,0.04048762633381692
2019-07-29,0.00491481372711095,0.015143019068910453,0.009522672788626316
2019-07-30,-0.003179170822286129,-0.02740179833063727,-0.01953930885813572
2019-07-31,0.010278750978310469,0.010838946860005298,-0.00809988302139183
2019-08-01,-0.00455817572808796,-0.004422264027602145,-0.00996748150122466
2019-08-02,-0.006198535850385707,-0.0005724128899529387,0.004139138164235722
2019-08-05,0.004865734234005112,0.027793287585959666,0.0038556731328415676
2019-08-06,-0.015782518051968595,-0.0034224716764920705,0.02023205375862106
2019-08-07,0.0012282740923488943,-0.00021305450665234398,-0.007291239085953393
2019-08-08,0.010117425506134202,-0.021267013094844297,-0.0008760825521991005
2019-08-09,-0.02359682440150016,0.00808326147243132,-0.03691509931705704
2019-08-12,-0.001022374296966229,0.013059210021416735,-0.023944959850353144
2019-08-13,-0.016109235825956997,-0.009925467565608102,-0.03607915307180279
2019-08-14,0.003958143688599327,0.00080768645358152,-0.009188188185355283
2019-08-15,-0.001954400404502804,0.007403249636043634,-0.006808976905425896
2019-08-16,-0.0006336928487649807,-0.006600351017281177,-0.030123388614048445
2019-08-19,0.01034175768597438,0.007627327319780418,-0.04100326033295307
2019-08-20,0.034860246683002104,0.015204880061947068,-0.009054652385901224
2019-08-21,0.009635919268073495,-0.005013441424308573,0.009458468108477027
2019-08-22,0.007331357742920462,-0.01207502112890041,0.017042862225178992
2019-08-23,-0.005705073604378247,-0.024389437846545316,0.004516818430672066
2019-08-26,-0.039125907444911824,-0.01836965171504307,0.029262369911101115
2019-08-27,-0.00237161774664569,-0.0070960110091207755,-0.014324461162270215
2019-08-28,0.008768739129540196,0.002992244930460469,0.00042611122157546713
2019-08-29,0.001464147484832531,0.07614179424880609,0.018464133796952407
2019-08-30,0.004181258931117868,-0.00879365401208834,-0.003153818249915387
2019-09-03,0.0012286994066355171,0.014763583572962478,-0.006838644687577467
2019-09-04,0.004080860483912605,0.052673718746950586,0.013043551337829749
2019-09-05,0.004650398243846674,-0.0043483479003136,0.005691508510022905
2019-09-06,0.016403186315792025,0.007171684179061522,0.023221912635502776
2019-09-09,0.014251790439733007,-0.020805974465123764,0.014671923679042152
2019-09-10,0.005477588623754745,-0.006603518206704816,0.022579325402077206
2019-09-11,-0.004537935964631376,0.010579936133702467,-0.03016415174140688
2019-09-12,0.0017870584139239405,0.00585742523456411,0.00698277559018631
2019-09-13,0.014167152134662511,-0.010413876199177859,0.031682064537949306
2019-09-16,0.0010008077758688683,0.006620791128523681,0.017193346756903538
2019-09-17,-0.0025790677418905178,0.011606167282276609,0.016914216377238507
2019-09-18,0.01669125752131773,-0.01334357311342456,-0.010696125980235989
2019-09-19,0.0058694852040916115,-0.005196561393463573,0.021669513612186244
2019-09-20,0.0006063550597880544,-0.0022933723022187315,-0.010673883488628575
2019-09-23,-0.0023115493231053233,0.02302190969623695,0.017453750102735754
2019-09-24,0.008188029890217788,-0.04816077176758062,-0.01017603832794368
2019-09-25,0.044493549089596414,-0.009175976106986089,-0.04722615146375964
2019-09-26,-0.010186377745266565,-0.01734867452530998,-0.020840983627456282
2019-09-27,-0.0025830186639410747,0.008484414151827407,-0.015160600386947588
2019-09-30,0.025802285819913662,-0.011815443541439501,0.0007247341191774984
2019-10-01,-0.003617291976920115,-0.004067043943682171,0.010326646780971106
2019-10-02,0.004557684272573034,0.0050193414755787084,-0.01927295766271174
2019-10-03,0.006815852138627153,-0.012754964220341844,-0.011950403307324244
2019-10-04,0.007096800712012244,0.01019210307659103,0.018856168148345207
2019-10-07,0.007483108334754951,0.00028536179156659426,0.004283806895985459
2019-10-08,0.010722006287874484,-0.005915990321908055,0.027799604001068418
2019-10-09,0.006185387580883692,0.0033071060877226223,0.008186327466321306
2019-10-10,-0.01008240989761694,-0.02628312524242913,-0.011596605252625463
2019-10-11,4.416836228200025e-05,0.004998021284047388,-0.016295699818547525
2019-10-14,-0.0003880252635765741,0.04751074596705223,-0.0014516396994492737
2019-10-15,-0.0005463577388282165,0.004579657000452941,-0.002801153688917297
2019-10-16,-0.002419108458830083,-0.005373374520259079,0.00346779560427626
2019-10-17,0.006868132207190129,-0.008614170683676646,0.07427098140798584
2019-10-18,0.023891151419112452,0.01767397508960032,-0.059394208504203856
2019-10-21,0.009543133626088761,-0.011891991837209813,0.005874378958646736
2019-10-22,0.01250467419003879,0.0007602274364252987,-0.017774884113239194
2019-10-23,0.01019725850737101,-0.012539629389568525,0.008001492208634444
2019-10-24,0.004591130929203044,0.00750773538463555,0.01692419195873731
2019-10-25,0.00015862154266767125,0.00564832478799301,0.004204368200718885
2019-10-28,-0.007526644074567327,0.00149588012686861,0.027517912340476344
2019-10-29,0.006298428820070586,-0.005948043561340488,-0.03653273984583207
2019-10-30,0.01581733103189827,-0.015685517120834245,-0.02964870101720764
2019-10-31,0.012867017685806044,-0.007922104511599597,0.005124390342073614
2019-11-01,0.004651285498002766,-0.0006639667265487584,-0.02774092922204558
2019-11-04,0.0016271651783066692,-0.0020734371212863313,-0.02761415439847055
2019-11-05,-0.002972097121366676,-0.005370985075989142,-0.014128391990176282
2019-11-06,0.0034669940517881204,0.014827041914377219,0.006842299591243339
2019-11-07,-0.007636802227386833,-0.0025906539180705406,0.016506292968181308
2019-11-08,0.006246466757231418,0.003788756774147181,0.0006822684325559372
2019-11-11,-0.0033688244469217755,-0.002456946548156422,-0.0059511668276687425
2019-11-12,0.02106275220315883,-0.0321945586392485,-0.024032823142918405
2019-11-13,-0.008238328433937245,0.005383951112302375,0.006957013967182329
2019-11-14,0.0019526357920467247,-0.0027673162818845232,-0.007137322829309027
2019-11-15,0.021896406633134823,0.010784522964115258,-0.008146896374575906
2019-11-18,-0.01808876103272367,0.01738980204903118,0.013103686635310837
2019-11-19,-0.002534811623294578,0.012249121113257856,0.005919402946135053
2019-11-20,0.01513494111797846,0.00604706517242159,0.028534879983201887
2019-11-21,0.008121641370289909,0.008424001787860298,-0.02234977478752415
2019-11-22,-0.0001994883591537538,-0.002242404155494983,0.00997449408443452
2019-11-25,0.003301507643244711,0.0011114704711244312,-0.02592638832360215
2019-11-26,-0.0037705537161257935,0.00024347831018971228,0.015106565861036597
2019-11-27,0.009047582928172567,0.005738882422918741,0.07826439220696021
2019-11-29,-0.0012311771684342702,-0.01002246836046141,0.01602379723426966
2019-12-02,0.005873706146159553,0.010387711863315137,-0.019849316639313466
2019-12-03,0.0009240141868262039,-0.0556603134041286,0.0016752935500048626
2019-12-04,-0.0005720820102524169,-0.0057236569775843595,0.0007417826962653596
2019-12-05,-0.008542882273910516,-0.010563435053724968,0.004883613043706846
2019-12-06,0.006731262085612421,0.0023678703494922817,0.011317623398032106
2019-12-09,0.010767119652166847,0.013155639894259474,0.009564313972949465
2019-12-10,-0.004603741173837642,-0.02217471059745328,-0.05090007446710104
2019-12-11,0.010012112379153733,0.005894041291494896,-0.02222438464415215
2019-12-12,-0.0002334883760976004,0.004682303627165777,-0.006534058282949541
2019-12-13,0.00011060152612133833,-0.004946823288155268,-0.024512111649420687
2019-12-16,0.01339516580903853,0.009707000392377586,-0.006401119981030845
2019-12-17,-0.020436116837936006,0.024282180392772957,-0.009749815464795475
2019-12-18,0.009347019060250455,0.0054387603690703775,-0.01568078858864191
2019-12-19,-0.026530617354067955,-0.0015988162049644027,0.06585782670062844
2019-12-20,0.011753788313275542,0.00811343060385018,-0.0064690810886532946
2019-12-23,0.0161667684655094,-0.004185733926929337,-0.012602726808516308
2019-12-24,0.016604118588409753,-0.011342064331810136,0.05873898541208952
2019-12-26,0.002462609259367006,-0.005386548989036337,-0.0019024473525692514
2019-12-27,-0.0002690139394366181,-0.03040181546121331,0.054110902539863046
2019-12-30,-0.017127698192382818,0.0068510179761472586,-0.018734157143818334
2019-12-31,-0.0007032844164753174,0.0017019508954941626,0.023328925639904442
2020-01-02,-0.007433383043200323,-0.0035273930114294717,0.004902916741450947
2020-01-03,0.0073774328650352385,-0.014851996824853685,0.007299804240147513
2020-01-06,0.016070616911246574,-0.007411354017430325,0.016843782207935493
2020-01-07,0.0024764013890216817,-0.01051709396300424,0.0032201059685678414
2020-01-08,-0.008060169888764054,-0.006945320981764715,-0.07613306066161313
2020-01-09,0.005728308065492894,-0.007703112780358689,-0.0015144545091739048
2020-01-10,-0.01000417938266008,0.009902053299742029,0.011165460872386568
2020-01-13,0.008130361342936787,0.008306703328604483,0.0036423934176090995
2020-01-14,-0.015373542072681204,0.0034736628643995946,-0.010256025457692712
2020-01-15,0.004771904885494525,-0.009530347728108119,0.004669446864257965
2020-01-16,0.0098611739672675,-0.012051003209267018,-0.022195014927939113
2020-01-17,-0.0004999597238724307,-0.01913465371605846,-0.0018495100286350702
2020-01-21,-0.01789678026590757,0.012709338384833135,0.0145245876445055
2020-01-22,-0.002997389694312051,0.00797106216033536,-0.00682031740538504
2020-01-23,-0.0028197406680985377,0.0007417984017898977,0.008243228967615148
2020-01-24,0.01459612750099472,-0.006759706333650484,0.014320390231598987
2020-01-27,0.0074797429428358235,-0.0070876591093307125,-0.026453558556251196
2020-01-28,-0.011622719015978018,0.001350483253169797,-0.08925102697822339
2020-01-29,-0.0004544051261945261,-0.00039159659237056376,0.03054693312312027
2020-01-30,-0.009680839126052216,-0.002001396223804454,0.015264093874882425
2020-01-31,0.002657581600373537,0.005415620281736332,-0.002353562128118868
2020-02-03,-0.0004432360894194299,-0.0008994031932743795,0.008549827675141508
2020-02-04,-0.012525759671196828,0.014194715815254973,0.005203078458504263
2020-02-05,-0.013901493717360243,0.012631020731429183,0.0013436240486351797
2020-02-06,-0.0025136504847019887,0.01032293024516856,-0.023454663828456453
2020-02-07,0.0002583441713053396,-0.004908743926994584,-0.012600000117726929
2020-02-10,0.004449464605013554,-0.002197415557489153,0.0035881404745495143
2020-02-11,-0.004269321948487463,-0.002422657080725699,-0.017959946326949288
2020-02-12,0.015309769763924617,-0.016555287904705118,0.012593203060222283
2020-02-13,0.0005471768206889341,-0.042842548501153856,0.020620669972923677
2020-02-14,0.0063973819851349785,0.0022782091095245893,0.0017063881156499736
2020-02-18,-0.0012970353607321663,0.0020931573517232955,0.012343407256831838
2020-02-19,0.0076507827773130335,0.0023889979016170205,-0.008174873188151967
2020-02-20,-0.008488649570650226,0.037021074258690716,0.02218094569970579
2020-02-21,0.0530131261233769,0.00780298000697504,-0.02908600352862624
2020-02-24,0.017177842049032735,0.01967530818771216,0.005430517882879151
2020-02-25,-0.010461569913167544,0.006669577330714883,-0.026826960782944765
2020-02-26,-0.0014442617675851088,-0.0009156956870374785,0.010009342408141844
2020-02-27,0.0070386308362618225,0.0010281358434464018,-0.027271608232717508
2020-02-28,0.005472965406221033,-0.008242911102582353,-0.0075309174239862565
2020-03-02,0.012481638846402061,-0.015955881698708964,-0.0008229497079399898
2020-03-03,-0.0009254507207322453,0.006541049820169761,-0.044106946658998746
2020-03-04,-0.0028169851811978845,-0.0019752295499852143,0.004643605071941943
2020-03-05,0.046084675473495255,0.0018455622062362876,0.0019979339620447107
2020-03-06,-0.007793908259350517,0.0027090631261633613,-0.0028374778657298933
2020-03-09,-0.008909107894263451,0.018895458763495018,-0.019606380988612386
2020-03-10,-0.02022253339642255,-0.0021016954141359913,-0.04011344266911067
2020-03-11,0.008136246124071262,0.01314089219953551,-0.010514447585988344
2020-03-12,0.01211997929687679,-0.029729671520046855,-0.018430088995406796
2020-03-13,0.007214938197851897,0.008082363994566848,0.029645322312238535
2020-03-16,-0.002655805901329421,0.006135254653673339,0.03489316560191269
2020-03-17,-0.0022393133626888383,-0.00701125724663004,0.0005683828765080338
2020-03-18,0.0030988940064136813,-0.0024220163586826326,0.005865255423640494
2020-03-19,-0.04063762202894138,0.009963185075972528,-0.02149032252788412
2020-03-20,0.010753056171201394,0.0008706682130265564,-0.008202893809792292
2020-03-23,0.0015411068620834315,-0.00870992173681667,-0.03276990662440084
2020-03-24,0.028246109972000295,-0.007010342306859645,0.0006850864465176051
2020-03-25,0.009310779097411768,0.015276545517008397,-0.01429379721117062
2020-03-26,-0.02483592801985053,0.03207500901313146,0.010224058912074676
2020-03-27,-0.0006173013378133242,0.0017196164999438907,0.020871324458002816
2020-03-30,0.005069945708863575,-0.0033658843535870997,0.0035888218547470018
2020-03-31,0.01941054112604378,-0.02195149078225779,-0.022144388720323777
2020-04-01,0.004421268620327315,0.01278840067015511,-0.06786573840896151
2020-04-02,0.0008972831490230788,-0.02254012326474161,0.032653170741605175
2020-04-03,0.019417943888146907,-0.01703828494844666,0.0018520564782723127
2020-04-06,0.0037746461902269306,-0.0023084347293595444,-0.014085699911160415
2020-04-07,-0.003944361737882282,-0.006313020824930647,-0.009303547613091016
2020-04-08,0.004078590449301447,-0.019242631148134678,0.01757618128086433
2020-04-09,-0.025320644615892503,0.012349347492634949,0.018926155716922362
2020-04-13,0.0019753921863568417,0.004135906809513446,-0.012670370201524893
2020-04-14,-0.001013422445949656,0.007373319168002775,0.01866285487212502
2020-04-15,-0.014649857655041091,-0.0028437269928742086,0.0723737049363807
2020-04-16,0.0032403100804882967,0.016427925323554547,0.015274759549320373
2020-04-17,0.009246046817306326,0.002860734925568411,-0.014222512102802478
2020-04-20,0.0049718472045621335,-0.005946579571281451,0.018176110775040985
2020-04-21,-0.0024390916397097097,-0.002741654812425829,-0.003935145376820448
2020-04-22,0.00769374156192408,-0.009237927359086856,0.028627585357996272
2020-04-23,0.011366191860999086,-0.0006749124650725755,0.012064805504348977
2020-04-24,0.06343009294402967,-0.010885406025104927,0.020266948044664078
2020-04-27,-0.005943678018403616,0.005991407764088278,0.016570073199375444
2020-04-28,0.016984663310812744,-0.012665214284843154,-0.03632390212768211
2020-04-29,0.00014415408430728225,0.0009669463009660107,-0.03365048610206309
2020-04-30,0.007634323879689102,0.013210835289243418,0.03833440559540198
2020-05-01,-0.0029704695839878675,0.008946784629903271,0.04335483060070098
2020-05-04,-0.004806348778872747,-0.0023642204200212714,0.0011459219545314181
2020-05-05,-0.012103344044032367,0.0038089721310506108,-0.0006326943132599969
2020-05-06,-0.007331395997022126,0.013339385724091865,-0.0193951855735407
2020-05-07,0.018841014931448186,0.006818516184400465,0.015530343461131621
2020-05-08,0.0026279762652929944,0.0030492552898818033,0.024419710477222814
2020-05-11,-0.004925523715948069,0.013792371944003878,0.0058612375393666235
2020-05-12,-0.010233781467173521,0.024624837934816672,0.016493063764948693
2020-05-13,0.005403114871045825,0.0012607461175450673,0.014433740026562236
2020-05-14,0.0024585230302707436,0.004373363410455996,0.051710226382923954
2020-05-15,-0.007920420734035644,0.0003890452489237777,-0.015648181470299238
2020-05-18,-0.013058461330427379,0.009467424620744937,0.02155200867326647
2020-05-19,0.01949851881246933,-0.018870993651983737,-0.0019468145859876404
2020-05-20,-0.007247449261832743,-0.005742653548735322,0.034416378628802514
2020-05-21,0.023070209384503215,0.0009008352081771382,-0.025269486855427074
2020-05-22,-0.005867827305785734,-0.002762958774094705,0.00834812717648491
2020-05-26,8.725935246800794e-06,-0.015334026042881872,0.014796041892700298
2020-05-27,-0.00105030094687787,0.0008455587763151692,-0.03812778356359037
2020-05-28,0.010242413722999041,-0.008464108966673534,-0.03804159052877376
2020-05-29,-0.002556663224935567,-0.0063443085268886324,0.012523002330113841
2020-06-01,0.0037057328304107677,-0.0026306340855468346,-0.010481593301866474
2020-06-02,0.003931540953091342,0.02370355360360787,0.02763400123796097
2020-06-03,-0.005049615274941362,0.0037652791848723586,0.019179190376060997
2020-06-04,-0.03720860937208228,-0.025203619669613625,0.0138461708634944
2020-06-05,-2.892450424124454e-05,-0.03214412362255775,-0.004036586390402971
2020-06-08,0.015003646487230968,0.021936018388806867,0.03296881068568489
2020-06-09,0.0043834619279990985,0.0122886718597742,0.000927726403161651
2020-06-10,0.00351164723888027,-0.01172562135837906,-0.010266074755639721
2020-06-11,-0.0015301714855753936,0.02611702758456929,-0.0005177247080077811
2020-06-12,-0.0008435681827910582,0.003934447773644371,-0.005594849914271016
2020-06-15,-0.006005445513964499,0.006115078379195155,0.00868631433446635
2020-06-16,-0.010144961014894123,-0.006846198137344896,-0.017817913593520796
2020-06-17,-0.01965954280047932,-0.008306733714643166,-0.006622862580935604
2020-06-18,0.01033956764121666,0.05359459767937531,-0.012030935102348688
2020-06-19,-0.010061366776349312,-0.0026308396908730335,0.011609780955265653
2020-06-22,-0.006265555438969229,-0.007369953239012647,0.04450684327720866
2020-06-23,0.001410847049821937,-0.010484557737291303,-0.013923526268048578
2020-06-24,0.010620829283804402,-0.0025996029645738066,0.016538478232814877
2020-06-25,-0.00800316181767777,-0.00336996686132294,-0.03656894499897224
2020-06-26,-0.01707407105675935,-0.013830554624843769,0.0031825707538240887
2020-06-29,-0.021382221453264152,-0.022347667905562783,-0.002216553656005801
2020-06-30,0.005440973381259064,-0.0012345420717522022,-0.00037040783187337846
2020-07-01,-0.0035195257929986246,0.015233139578727208,-0.0009963404667513753
2020-07-02,-0.01893319407582299,0.006311150453843386,-0.011828420820816608
2020-07-06,-0.00243208957606115,1.4089788349916565e-05,-0.00797906908587138
2020-07-07,0.007375412829110518,-0.0005046063623957205,-0.02322309648416135
2020-07-08,-0.007577001645878834,0.025686468381294434,-0.03099628560632133
2020-07-09,-0.0035614929879011115,-0.0015731823227467401,0.028585704136602358
2020-07-10,-0.0003833059233792805,0.0015816716877875418,0.018677732240011923
2020-07-13,0.0018557296980410262,-0.004373928373292505,0.023061501573307868
2020-07-14,0.0126095558157857,0.01339546433561269,-0.019425574372304563
2020-07-15,0.002093951143447856,-0.004551334476602482,0.004581449750082209
2020-07-16,-0.005466887386746225,-0.005410214977502189,0.008390152403538888
2020-07-17,-0.004470263634778638,-0.001633151904369053,0.010774230126988457
2020-07-20,-0.007876555213914272,0.03254655939651231,0.010270950273702763
2020-07-21,-0.005117186889356957,-0.001719533284112594,-0.015819865074773294
2020-07-22,0.011304821547471667,-0.017608191343545868,0.03741393167899786
2020-07-23,0.00039859006637580025,0.007042403416527451,-0.004173871884952177
2020-07-24,-0.005815597537089859,0.010902961979571569,0.0165697821865876
2020-07-27,0.004437796931963404,0.012062728350894912,-0.02640092769313427
2020-07-28,-0.013230304729812308,0.007889326705340389,0.004264779118186083
2020-07-29,0.022170898741307447,0.007934278507756258,0.05820489044073825
2020-07-30,0.007841119897739036,-0.02186311082474742,-0.03907566431027718
2020-07-31,-0.0008570311416473845,-0.015470788657543071,0.013600869594965356
2020-08-03,0.027991871389556576,-0.010421886797486122,0.007787169727711575
2020-08-04,0.010878974422556894,0.008057670479583771,0.06239507156990354
2020-08-05,0.0016621184300725051,0.010796091605129936,-0.008028991215498764
2020-08-06,0.005557853772642784,-0.02587681619899857,-0.011035253167359886
2020-08-07,0.007111973218133279,-0.002113834012221715,-0.0019393722742200013
2020-08-10,-0.042768304197634895,0.011594248061869771,-0.08996299557087711
2020-08-11,-0.004464492146186335,-0.010729185471727161,-0.019542604223670816
2020-08-12,-0.0008438828987950409,-0.0006184214049673176,-0.007338759161802123
2020-08-13,0.004538011692045541,0.012997152540973863,0.026701964999224104
2020-08-14,0.0016844762575056204,0.000405004144565915,0.04593879487396848
2020-08-17,0.0406171471233288,0.022402251710899504,0.037020351641530794
2020-08-18,0.01886090549608226,-0.006182484514738486,-0.015279194614533878
2020-08-19,0.0110381353927974,0.02925022250396435,0.005076943339026276
2020-08-20,-0.040055950455791585,-0.003312028740727407,0.008704997603818522
2020-08-21,0.000766828492697241,-0.017497217439452376,-0.02465438828598568
2020-08-24,-0.018135582140948653,-0.008440818306901488,0.027370735030624885
2020-08-25,-0.002886617715009044,-0.0021269157106317015,0.009848435907617182
2020-08-26,-0.0017438661915786234,0.0113154983512717,-0.018738959231479026
2020-08-27,-0.018272032160642774,-0.0028380689210959166,0.00019983329099986492
2020-08-28,-3.9217572738527056e-05,-0.017793902255648777,0.020024683318858837
2020-08-31,-0.003633020139670708,0.011011157257310736,0.05471261797952857
2020-09-01,-0.00407760866175338,0.06746619838259017,-0.005752173978644819
2020-09-02,0.01564311872600176,0.02921757699812393,0.00619029253957718
2020-09-03,-0.0014558799768174795,0.04606064030448211,0.0038311663586950966
2020-09-04,-0.016285274203681147,0.009605871644876007,0.005623110007416313
2020-09-08,0.003779757074937344,0.003034027546761116,-0.0033608128364865535
2020-09-09,0.014921370433108865,0.009015517889000298,0.005540997359408721
2020-09-10,0.00654012169214121,0.0010347241214907247,-0.012094750745313812
2020-09-11,-0.0071871220582202435,0.011312732841608197,0.0774273892774122
2020-09-14,0.0018480169221225264,-0.019758879936442025,-0.010573238466106716
2020-09-15,-0.0028570565265030935,0.002845238422666959,-0.009227798958899046
2020-09-16,0.006880340023704088,1.2073292601305833e-05,0.012887333083111168
2020-09-17,-0.013199148471256533,0.0188243473057776,-0.0012679936038265634
2020-09-18,-0.002327415311895775,0.0009642660524295495,-0.008129784779345365
2020-09-21,0.007875608764734499,-0.02544226017018006,0.09032291438013137
2020-09-22,0.007625859790876541,0.0023293045584288474,0.07493051413090038
2020-09-23,-0.012110920650673778,0.009548959142533677,-0.004703204349117463
2020-09-24,-0.0035485545515584003,-0.007476499715501052,-0.003824389781098574
2020-09-25,0.008200649573251876,0.011126015150866388,0.009648610276252167
2020-09-28,0.0014677070701064176,-8.36006649708868e-05,0.0007763700977625898
2020-09-29,-0.009245446383700416,-0.033628573807251226,-0.02612428862671832
2020-09-30,-0.008962134902632986,-0.014104849901965257,-0.012819699663613928
2020-10-01,-0.006136712149631753,-0.005239891199322961,-0.008828380427031065
2020-10-02,-0.003773705612721294,0.0022654539395461594,-0.0017743736361245399
2020-10-05,-0.004257044798965057,0.006074724298614536,0.025396954517481106
2020-10-06,-0.019817112579110282,0.01047769986747149,-0.0026592890249984695
2020-10-07,0.007223651005746433,0.009311470236671393,0.013720172256957168
2020-10-08,0.006094158917696253,0.0026890946442655267,0.00302914502774391
2020-10-09,0.0033801097636583944,-0.01584234658951963,0.010915784562173923
2020-10-12,0.010249761754036312,-0.011781366227168681,-0.013274972973800162
2020-10-13,-0.0013130270452786183,-0.008002769517574507,-0.003796675661083402
2020-10-14,0.008800649410854714,0.0007213812993901428,-0.02634862521283987
2020-10-15,-0.002445537991701536,0.01715358534902004,0.10104580498565577
2020-10-16,0.019741744419463334,0.015687155880394908,-0.01890113608477195
2020-10-19,0.0017498079773767934,-0.019086052229185732,-0.00283848053388594
2020-10-20,-0.0010547801651269342,-0.023419136323360096,0.006112270310165798
2020-10-21,0.00044643225319874585,0.009730291603345627,-0.008910542964360398
2020-10-22,0.0033864122406675645,-0.004502954584502737,-0.02721428422798068
2020-10-23,-0.01563778982747579,0.010546284001038908,-0.021633281316059228
2020-10-26,-0.0015106354359558185,-0.027557602599595228,0.0013625562858449452
2020-10-27,0.014967246161212916,0.024375516445074342,-0.005636531178656259
2020-10-28,-0.020580103011679018,-0.042112903382755376,0.004108256796925913
2020-10-29,0.010203348449927313,0.011488199734491483,-0.0010724882287485701
2020-10-30,-0.025477861888231427,0.005670572054503415,0.020466113395132726
2020-11-02,-0.005280054977713527,-0.01335204796616169,-0.0005917727082286555
2020-11-03,-0.00575370898333313,-0.0012341561686167698,-0.005447786455107695
2020-11-04,-0.025232453715814285,0.011328472688336642,0.04888651721891978
2020-11-05,0.007313105870128558,0.011183471210863286,0.041237850415016854
2020-11-06,-0.020252705398538084,-0.0297902015428847,-0.03993471869059286
2020-11-09,-0.018898322104603606,-0.012137963961532671,0.02333907176570208
2020-11-10,0.01195867776582171,0.00683533071380656,-0.030554027391763283
2020-11-11,0.0027512529187157923,-0.005416035599811357,0.02570369243801353
2020-11-12,-0.013916238553242016,-0.006315232588240089,0.01072880051511779
2020-11-13,0.011004823196306301,-0.0016000181830842094,0.007841126580687356
2020-11-16,0.010884927428757175,0.013214112434621133,-0.010605027736196718
2020-11-17,0.0014362169852919762,-0.0006362755015641263,-0.009326244413623229
2020-11-18,-0.006518802229641674,0.015440085023109468,-0.003973172092798242
2020-11-19,-0.012602959419335459,-0.00547142943641636,0.03597533631744436
2020-11-20,0.0023313809410255943,0.001967262076546016,0.004078794198510014
2020-11-23,0.0011637677143547796,-0.003884751736134963,0.012505946149794327
2020-11-24,0.003770995366791632,0.01407613633271068,0.025973551141857447
2020-11-25,0.008707686831744112,0.000519846566309521,-0.039092320294959765
2020-11-27,0.020543121471631863,-0.015375364984465673,0.014123259696352081
2020-11-30,-0.006806925118021825,0.003221695413562536,0.0445320991641996
2020-12-01,-0.012465104940709222,0.012592295327013172,-0.007475488950569177
2020-12-02,0.01719213446851198,0.001314525438224,0.0173830364304103
2020-12-03,0.013576289292982444,0.005112691346353679,-0.017165036261154037
2020-12-04,0.008011772454316654,0.008016711121154202,0.04090604869168932
2020-12-07,0.004636743124482641,-0.015838239993358115,-0.011451716080439373
2020-12-08,-0.0027672387681202952,-0.007705009552445653,-0.0006938635898555117
2020-12-09,0.032165968201094186,-0.0010287736059379346,0.003632021200596236
2020-12-10,0.0021380690562902466,-0.016373961564247183,-0.02693978572432123
2020-12-11,-0.0054232265661160505,-0.001944806399129454,0.014554306274026051
2020-12-14,-0.005231955360332036,-0.016396615017197583,0.010231800551878872
2020-12-15,-0.028508858429291285,0.0010742903212786316,-0.007623297930417121
2020-12-16,-0.0047420465607158025,-0.011248915320389576,0.0008351136594888188
2020-12-17,-0.001218792047411466,0.005331783394373715,0.05496209344528815
2020-12-18,0.027290189838817248,0.0005544257096949182,0.031152678635107723
2020-12-21,0.012865535587350634,-0.0017991482267796003,0.0038852727434982343
2020-12-22,0.00465038445262995,0.0018533167179104256,0.014941888405040816
2020-12-23,0.007431406479804581,0.00958484547365219,-0.00016003825425607652
2020-12-24,-0.003225862202509271,0.024698008824448513,-0.016382082879558505
2020-12-28,0.008308723344892695,-0.009972794085902473,-0.00973970450772073
2020-12-29,-0.008846181328300631,0.030511121390273618,-0.03241410319267006
2020-12-30,-0.005530017999276282,0.010686881641588333,-0.022858547906780075
2020-12-31,0.006854986091383277,0.0025520523266131696,0.01611455544565642
2021-01-04,0.007585731571794814,0.0023424177787198255,-0.029910072489603673
2021-01-05,0.009965069503672166,0.007450515411565058,-0.0021494739480726163
2021-01-06,0.007411504264181591,-0.015492489379345746,0.01718579316786719
2021-01-07,0.006447703849700847,-0.011574232137315994,-0.001656800913318559
2021-01-08,0.001741374101146258,-0.013452308790413514,-0.01732838155606818
2021-01-11,-0.005058376936272669,-0.012822063775087631,0.05066427292216219
2021-01-12,0.004962658483609838,0.0003705850919719593,-0.03339807979780692
2021-01-13,-0.002232420805631886,0.009475141243571036,0.02427065167351412
2021-01-14,0.01728914292583949,-0.037813741462673287,0.05685411032279149
2021-01-15,-0.016425181700812717,-0.00458185632583042,0.01845295923396451
2021-01-19,0.002878495689190812,0.013587137109572428,0.03737624579173278
2021-01-20,0.02530762074677495,0.010951404456430171,0.005028925735022046
2021-01-21,-0.0027933543862713483,-0.012183601414341152,-0.02679874038605503
2021-01-22,0.0002912969215193189,-0.02101838880099953,-0.0036417980282879557
2021-01-25,-0.017288175444023814,0.013416681971026941,0.0055269500805518075
2021-01-26,-0.02153503272240276,-0.006419700617942539,0.010958793774662587
2021-01-27,0.012470859301715058,0.00020710272076131166,-0.02289883116024545
2021-01-28,-0.0009799964236786472,-0.013904514648502458,-0.0445116386854766
2021-01-29,-0.004087239909064876,0.0005010143654894211,-0.001510792523193059
2021-02-01,0.025927126528823344,-0.015415656922031175,-0.02432398143277105
2021-02-02,0.004184723172947885,-0.017568389492275127,0.02538328188532567
2021-02-03,0.007543000910505396,0.010593890003962629,0.0072079908155526385
2021-02-04,-0.0001479020807446217,0.008897413855437762,0.023616814810644027
2021-02-05,-0.00628006245591036,-0.0018840800268750404,0.0022727510109093133
2021-02-08,0.012786335766949234,-0.006807442399098883,-0.02093376624835511
2021-02-09,0.0026562175886922852,0.027050606285057833,0.05044214864770276
2021-02-10,0.006769217499644315,0.01009112297734657,0.017184952942247544
2021-02-11,0.003315393180760904,-0.011373236490206369,0.0307465588198116
2021-02-12,0.004393469554581294,0.03486959947369673,0.0046460056038939174
2021-02-16,-0.019998107561954345,0.04443506854141791,0.016471609411399107
2021-02-17,0.013843877027790538,-0.017285863861419504,0.005026561908315135
2021-02-18,-0.012474156114282289,-0.0012092248712316628,-0.01148805720017229
2021-02-19,-6.645801427124282e-05,-0.009318235704735701,0.0005859591972478165
2021-02-22,0.009302482601377053,-0.005433121579193793,-0.05725448039256146
2021-02-23,-0.025950030592630152,-0.0015780546358567457,0.0014565859810041744
2021-02-24,-0.00784059981889419,-0.003337606226815193,-0.0074101853262521335
2021-02-25,-0.003419951666838528,-0.013339544768107963,-0.014885851717002454
2021-02-26,-0.012854336003784099,-0.014219222657135148,0.08612808385135681
2021-03-01,0.05408030536795186,0.0004438588031021358,-0.036107617350714556
2021-03-02,0.0023096384218785643,-0.002240486051919499,0.02626808371679623
2021-03-03,0.018163555874786786,-0.01452012733938017,0.014893797920358175
2021-03-04,-0.005935911838803819,0.027369073762086325,0.0006393316775194092
2021-03-05,0.008903502752488435,0.009487332056746466,-0.04849164902418195
2021-03-08,0.012108553250369785,0.008203896259653816,0.002380174099029641
2021-03-09,0.0049989150398134135,0.0036326453766296644,0.009162428484667084
2021-03-10,-0.010151869406040934,-0.0007162521927557659,0.016514898591509154
2021-03-11,-0.0051354033992373725,0.007475644126446223,-0.0033170350663481504
2021-03-12,0.0030460094663441587,-0.007496637977555339,0.006572708710981242
2021-03-15,-0.03720483928751297,-0.04401484680978552,0.0816094675376824
2021-03-16,-0.005392137421936093,0.015333544296809522,0.02423069352786148
2021-03-17,0.00855691413056471,-0.002226705331700012,0.09722247859145244
2021-03-18,0.005433640156638766,-0.023076923516373873,-0.005846990044727814
2021-03-19,0.013698504644119742,0.005144464250435011,0.06700840087339412
2021-03-22,0.0020406156630635645,-0.019469975737565107,0.00386744757776101
2021-03-23,-0.0006407637557217885,-0.008092902472803342,-0.025662748750824128
2021-03-24,-0.009071532042665644,0.00490982421473595,-0.0033840078536170656
2021-03-25,0.002215170823265667,-0.03764161047673553,-0.0011447750208571931
2021-03-26,0.005256348159455672,0.006619037473359394,0.006424485853485719
2021-03-29,0.002900119500902069,-0.003708734748896369,0.0030926836193473895
2021-03-30,0.012368260835332847,-0.004552767005884909,0.06264368835570931
2021-03-31,0.00827197117317399,0.0065162077596996005,0.011631973636791757
2021-04-01,-0.0038588052211562334,0.0031102569782557217,0.001630323273301532
2021-04-05,-0.0012511141957775205,-0.004591883621355445,0.0019291542446553934
2021-04-06,0.0010441272114598834,0.0030143389235191657,0.02376196001335572
2021-04-07,0.002762598141475437,0.011700806938986053,-0.0052066504975540225
2021-04-08,-0.008240862942360322,-0.031139899640873762,0.02801259043681316
2021-04-09,0.005399688016060027,-0.00012863640862807306,0.07193843757140178
2021-04-12,-0.030085997543064343,-0.002231618157341002,0.00925270958840855
2021-04-13,-0.0016390402634913323,-0.005375486744560237,0.008376213998652824
2021-04-14,0.008357901161399357,0.0026002486233119054,0.04552852507779895
2021-04-15,0.004083647481919777,0.005536308736362476,0.032747660342519726
2021-04-16,-0.0008985036827877471,-0.008648284845123732,-0.002564965235439656
2021-04-19,0.014214760715364325,0.0020835715658641518,0.018187191592046258
2021-04-20,-0.03026589187617723,-0.002642053847202518,0.02876384634148692
2021-04-21,0.004610518545190944,0.011268652428814363,0.006969296675736326
2021-04-22,-0.0006655843260711341,-0.002810150221749325,-0.0143742989277997
2021-04-23,0.012441031379381066,-0.0031602479868147932,0.00381252136896732
2021-04-26,0.003642904388574817,0.002035305582085858,0.04428668551561715
2021-04-27,0.0012896015589228833,0.0013782374099269548,0.02877791824204901
2021-04-28,0.004269908978208032,-0.03795598808248422,-0.022338503766379046
2021-04-29,0.007093670537086417,0.006685141440267375,0.003440092950335818
2021-04-30,-0.0022757077918113436,-0.011673613331722612,-0.009094401781615954
2021-05-03,0.017363115300622508,-0.047022218823272816,0.0151695842450337
2021-05-04,-0.001003991596619937,0.006272847595141046,0.002469249184632622
2021-05-05,0.01333507203168339,-0.0021675648508499307,-0.002279195639116978
2021-05-06,0.012070729252753614,0.013073977575169626,-0.005682297565360622
2021-05-07,0.01529264744445448,-0.029810425111141146,-0.012992985903610284
2021-05-10,-0.004473587859838337,0.006472794887534458,-0.00802764262830228
2021-05-11,0.008401366948114504,-0.009904130008912661,0.044371351675121934
2021-05-12,-0.004506216982649353,0.003912372759086546,0.010672375438326507
2021-05-13,0.03157016283940069,0.004494776969191236,-0.002764602056667847
2021-05-14,0.013432324674480649,0.010492944282942937,0.005683223951672912
2021-05-17,0.00029053064702813403,0.002872237295821601,-0.00044154322733039666
2021-05-18,-0.015864234559969326,-0.0038011285518357303,-0.00884309945229806
2021-05-19,0.017466618690238342,0.0049708426804166575,-0.06189871217193249
2021-05-20,0.0062475041930553895,-0.001513401687733665,-0.16349293618328048
2021-05-21,-0.0103012497010128,0.012272729805074802,0.006860268874516954
2021-05-24,0.014312415709080793,0.011246613131561006,0.024388229653766417
2021-05-25,0.0033191527798987126,0.0028447841930765287,0.019939264467642583
2021-05-26,0.014785671976351288,0.006076565969197854,0.002149880423957917
2021-05-27,-0.004743587481576977,0.01204167624382025,0.03805141881495572
2021-05-28,0.019792355271130282,-7.735470456674761e-05,-0.021634955451651717
2021-06-01,0.006828359042140794,0.014841606275801743,-0.001486660870086549
2021-06-02,0.007153594604191265,0.005426761246759696,0.017635984124298572
2021-06-03,0.0004903886535289532,-0.0065072553127221815,0.11344267350437756
2021-06-04,0.009589347756412037,0.0044987841402430485,-0.013606150321160294
2021-06-07,0.00864116308171765,0.035209425469059016,0.031221990445536224
2021-06-08,-0.003908331321267816,0.009625108707232084,0.00879500800211664
2021-06-09,0.01850613796811775,-0.009144584685854117,0.010015813955796964
2021-06-10,-0.008811318909173025,0.009721082675196833,0.04364713206862126
2021-06-11,-0.0016841277807660207,0.011294648261855486,0.010998224412714397
2021-06-14,0.005070284561064607,-0.010635401984453698,-0.02836885809855752
2021-06-15,-0.012041352869219086,0.0070862689991589125,0.03084083652547373
2021-06-16,0.006714149177042181,-0.00678486955623546,0.02644526001807542
2021-06-17,-0.015802376339026137,0.031609431795801106,0.012516871569892755
2021-06-18,-0.000453239285720129,0.013800958030952597,-0.007795327073588205
2021-06-21,-0.017723511692774224,0.003950754732483786,0.014757915820108849
2021-06-22,0.01569403586303907,0.01884342785864722,-0.008438936436632332
2021-06-23,-0.007459143548950796,-0.017777723838061227,-0.014246014722538045
2021-06-24,-0.01063842020174416,-0.00572175329808788,0.019480149055758206
2021-06-25,-0.021833997044447502,0.01439066561284994,0.006594691299876546
2021-06-28,0.014149982587311752,-0.012606767094214653,0.07104372765276507
2021-06-29,-0.004243063671869214,-0.02480628269867944,0.009051635094860861
2021-06-30,0.006361151425059017,0.019234768699744574,0.05252860862527685
2021-07-01,0.022670396032170317,0.00285466095686978,0.014127423218185591
2021-07-02,-0.0004419317302393314,-0.02408299605335412,-0.002586180232036283
2021-07-06,-0.0017559468099524634,-0.011092039534193783,0.009604638190169143
2021-07-07,-0.019235244038002156,-0.0036758440674075797,-0.020760788382161534
2021-07-08,0.009663397469857173,0.026710384142086235,-0.018818400403273598
2021-07-09,-0.0026240538325254924,0.01755513209613578,-0.008168886139136322
2021-07-12,-0.004691559139304396,-0.009059036496650259,0.0073641531526912165
2021-07-13,0.0020470581514004218,-0.024533713004268452,0.03995358108176216
2021-07-14,0.00018333905002680735,0.0018151348607721846,0.0033255257393457684
2021-07-15,1.68649236143752e-05,-0.01089444586764285,0.006188322603024059
2021-07-16,-0.014846521330595242,0.009210925048182744,-0.007086953660574712
2021-07-19,0.008305170412900268,-0.04542225092643914,-0.005589922155830885
2021-07-20,0.00037218276269095546,0.009145232724257109,-0.01841854801072211
2021-07-21,-0.011997706302722224,0.027123419897709455,-0.005533587649967752
2021-07-22,-0.0033682717456549782,0.03660311630396149,0.009764524585340537
2021-07-23,0.01109207679209304,0.01860644961049307,0.025095561654481166
2021-07-26,-0.002820738513242065,0.0035811106801485605,0.012969399410279876
2021-07-27,0.011131418984584269,-0.0013693941266160442,0.012130376804499606
2021-07-28,0.020173749435674796,-0.014416169530818077,-0.004702704438146362
2021-07-29,0.006350716428444186,0.009308524132045743,0.01783280348122723
2021-07-30,0.008724674367097238,-0.0009872935295843807,-0.02522826568813168
2021-08-02,-0.008475976947014517,0.007712535496217305,0.0030234546329858765
2021-08-03,-0.00862001494864743,-0.022263892622235857,-0.06340382730260491
2021-08-04,0.006292192231441962,-0.006976179059447334,0.0035535233474130444
2021-08-05,0.010977155546379071,-0.00690624962201187,0.009428084447176516
2021-08-06,-0.0011362584629610105,0.015877304522782423,-0.01039913260615352
2021-08-09,0.014665804903452975,-0.016118995992778565,0.002106700802781998
2021-08-10,0.0063891424070530835,-0.005272559755205484,-0.009635492073081987
2021-08-11,-0.01843566516650744,0.018512145793562786,-0.003162886303157551
2021-08-12,0.005177805371682538,0.014704446584124144,0.00692335623710273
2021-08-13,-0.006175285525307589,0.0038162206608976477,0.00906268322889149
2021-08-16,0.028402131478124374,-0.00502706713274232,0.01027979931485167
2021-08-17,-0.009319771017161558,0.02115343936715338,-0.042776638459685844
2021-08-18,0.0033652889508519273,-0.0029021529138408262,0.004841730314645929
2021-08-19,-0.010602451742289541,0.006749524943151475,-0.012934811203215525
2021-08-20,0.002571160489463241,0.0030496516963565007,0.001994073257316273
2021-08-23,-0.00017845235393433085,-0.006487863905631778,-0.04533922587412044
2021-08-24,0.0013350591258083464,0.0034999226510434977,0.005911721930677274
2021-08-25,0.008296012600837203,0.010498021416779246,-0.03669745201875065
2021-08-26,-0.006732787024027479,-0.00457089932352184,0.030812877956925017
2021-08-27,0.0007954186760837403,-0.005345054153871022,0.023010336330673824
2021-08-30,0.005798550325404546,-0.0012583882678181447,0.030815707171555986
2021-08-31,0.0036269358654641903,0.003798687877431725,0.08666257848574065
2021-09-01,-0.003051219316548158,-0.007033979223095702,-0.035455578475820315
2021-09-02,-0.026979476209370256,0.0025276379221437083,0.007294783625312527
2021-09-03,0.010194762271811047,-3.0428137563233124e-05,-0.003203260409611017
2021-09-07,0.00508683809042854,0.004049757509487613,0.005610076220714077
2021-09-08,0.006839281563569209,0.001554637226133757,0.010497316963158667
2021-09-09,-0.0080840018685913,-0.003602763307504546,0.06483298709237409
2021-09-10,-0.025859677069429758,0.005138532942939653,0.015754864726474388
2021-09-13,-0.004901694349087968,-0.008137371654870893,0.0150789361271558
2021-09-14,0.00537259663575695,0.027137822849243667,0.0064842421335617574
2021-09-15,0.007150798279876366,-0.01579448949210379,0.03258669819416262
2021-09-16,-0.09130822232852509,-0.013447833633726805,-0.001059498935758087
2021-09-17,-0.02966597634404446,0.008145849279036955,-0.01607735535002337
2021-09-20,-0.055065131600257784,0.008899408039353298,-0.0433016599646216
2021-09-21,-0.0012402719188217804,0.009653890793666128,0.00982176172639087
2021-09-22,-0.06157150553135,0.011471383342368677,-0.003695188022974848
2021-09-23,-0.02092758582351221,0.005012357699518704,-0.04325861235501405
2021-09-24,0.0022325433260086476,-0.006874597349105449,0.034180766334098986
2021-09-27,0.002232069023661621,-0.004858383197548796,-0.06846445434511907
2021-09-28,0.0050606103100254065,0.033125864542899904,-0.0005005089687860549
2021-09-29,0.0036391988029752264,0.025832304123622064,0.001139861533805208
2021-09-30,0.007051566157574408,-0.02661149365150201,-0.004555682307738773
2021-10-01,-0.003348716416444311,0.010983952660849259,-0.04280537314908392
2021-10-04,0.004970658339065159,-0.017433611420129207,0.011492855221410326
2021-10-05,0.0361067648830369,-0.0032938116147720963,-0.007675285163541179
2021-10-06,0.007366283960753834,-0.013365260319026257,-0.004551317504852796
2021-10-07,0.0027097295905622373,-0.0044841778747815655,0.05719972127867204
2021-10-08,-0.0027142112408048546,-0.011195471687650647,-0.007191925851271136
2021-10-11,0.001449750028520612,0.002106289843974844,-0.0020858054125755805
2021-10-12,0.003932333603224433,0.001178251359010719,0.022056355740534994
2021-10-13,0.0027374390393463694,0.01068294134047123,0.0445643303741299
2021-10-14,0.0017109427292529497,0.009320590851173746,0.0040316104318606945
2021-10-15,-0.004451066654013482,-0.005006757544899504,0.011952745507055742
2021-10-18,-0.007116807419261718,-0.005118636807786636,-0.01326031068413611
2021-10-19,-0.010147198438510117,-0.006087638364206298,-0.007455899381237323
2021-10-20,-0.007558178181993935,0.014970219218937068,0.010272559544573725
2021-10-21,-0.009567725577367299,-0.018479527877569433,0.011690630437172193
2021-10-22,-0.0011580340378212642,-0.0016579468395580541,0.004607063252993659
2021-10-25,-0.004616242267570495,0.0024759614337119223,0.00034415185515945275
2021-10-26,0.004330984575974214,0.009318031847948086,-0.04496262244991882
2021-10-27,-0.0133981585689416,0.003500715323131969,-0.03115382747760617
2021-10-28,0.0007590184997897276,0.01564823957794778,-0.13511888304339692
2021-10-29,-0.0008952034112867814,0.0017240043325243081,0.011333093695811758
2021-11-01,0.011902918768974162,-0.010264416653281117,-0.024480721520331115
2021-11-02,0.006114754867616288,-0.03302532972686196,0.012902367520994057
2021-11-03,0.00493002279045933,-0.016238952449093836,0.013296171308950952
2021-11-04,0.0012518862477639992,0.0018094482446905547,0.0012369028730735325
2021-11-05,0.013384382530022346,0.010866123602864217,0.004596129005247784
2021-11-08,-0.0027540209465228304,-0.002059650059253159,-0.005943615737003391
2021-11-09,-0.0047374658914557,-0.03510976870467219,-0.01956715052584916
2021-11-10,-0.007378855729221079,0.004648255298463857,-0.041503739639222534
2021-11-11,-0.020129447586232602,-0.014873464775203783,0.003064904407940278
2021-11-12,-0.002005781963639342,0.01111365148999921,0.012764936619551305
2021-11-15,0.020305654020385665,-0.010968542970122874,-0.006199405441466521
2021-11-16,-0.001225085535008005,0.0007678892055628464,-0.019717728874407016
2021-11-17,0.01058968780654737,-0.0043189776819104915,0.008572164941943388
2021-11-18,-0.018460941844261444,-0.0012838651688857003,0.000889819480190396
2021-11-19,0.014941531429902215,0.006780420816121595,-0.022426808809173054
2021-11-22,0.012295672190814679,0.0062437402460334725,-0.0007023133879647498
2021-11-23,-0.000887977275932081,-0.012431835703733437,-0.0053520532795924315
2021-11-24,0.00679463771356613,-0.007248154332020607,-0.02743904020909005
2021-11-26,0.010046506326461235,-0.03340851582082018,-0.030039117225292872
2021-11-29,-0.024865461829458427,-0.017275388759599542,-0.009984636760483955
2021-11-30,-0.0021886186678911354,0.012596479554170344,-0.011633046745700206
2021-12-01,0.007718763116176237,0.017948459704765007,0.01434019857283308
2021-12-02,0.000887064469969182,-0.0018288348155782405,0.008277749208793666
2021-12-03,0.01675190072938936,0.01028921643093873,-0.006444552394469414
2021-12-06,0.027771273373529956,0.008208549711745722,-0.03245161933250854
2021-12-07,-0.023543127184714872,-0.007770306051509682,0.004167565819463594
2021-12-08,0.0031993701585488477,-0.018961257036344686,0.020593880681763373
2021-12-09,-0.02128482026296542,0.005204717933203602,0.006349630821490038
2021-12-10,0.010507445996544771,0.007727744084160679,-0.005837752037780554
2021-12-13,0.03548459294892844,0.012521389863367245,0.013545950016778602
2021-12-14,0.0025590048267382344,-0.007221076598966301,-0.00822182532423581
2021-12-15,0.003234404204690787,-0.004310325828968957,-0.015516904383192613
2021-12-16,-0.010896220640282006,0.021945357146890974,0.027557818920943347
2021-12-17,-0.005053297826891866,0.014881704164592072,0.01323498141757679
2021-12-20,0.004714134474621745,-0.010044361277628706,0.0027253587563475733
2021-12-21,0.011928542038242342,-0.03180772106403387,0.030455935967179014
